,entrepreneurship
0,https://clarity.fm/mikemoyer
1,https://clarity.fm/tonydinitto
2,https://clarity.fm/danmartell
3,https://clarity.fm/tomwilliams
4,https://clarity.fm/jeffsolomon
5,https://clarity.fm/ryanrutan
6,https://clarity.fm/tylerwagner
7,https://clarity.fm/montina
8,https://clarity.fm/stuartmacdonald
9,https://clarity.fm/markozlatic
10,https://clarity.fm/justinwinter
11,https://clarity.fm/amazon
12,https://clarity.fm/top5
13,https://clarity.fm/roymorejon
14,https://clarity.fm/johnramey
15,https://clarity.fm/shishirmba
16,https://clarity.fm/asmartbear
17,https://clarity.fm/tylercrowley
18,https://clarity.fm/matthewmeltzer
19,https://clarity.fm/rodrigomartinez
20,https://clarity.fm/dsifry
21,https://clarity.fm/drewmeyers
22,https://clarity.fm/pezelias
23,https://clarity.fm/foreverselfemployed
24,https://clarity.fm/robertocandelaria
